product_id,name,price,vendor,handle,product_url,image_url,rating
6891949424702,Eiwit Oats,€16,Upfront,oats-in-bag,https://upfront.nl/products/oats-in-bag,https://cdn.shopify.com/s/files/1/0254/4667/8590/files/Website_Oats_Chocolade_CP_Still_v1.jpg?v=1765196885&width=750,4.7 (10105 reviews)
6593222311998,Whey Milkshake,€29,UpfrontFood,whey,https://upfront.nl/products/whey,https://cdn.shopify.com/s/files/1/0254/4667/8590/files/Website_WheyMilkshake_Vanille_CP_Still_v1.jpg?v=1765197585&width=750,4.8 (10051 reviews)
6955274534974,Creatine,€10,Upfront,upfront-creatine,https://upfront.nl/products/upfront-creatine,https://cdn.shopify.com/s/files/1/0254/4667/8590/files/Website_Creatine_CP_Still_v3.jpg?v=1770117118&width=750,4.8 (4167 reviews)
15441282171263,Chiapudding,€17,Upfront,chiapudding,https://upfront.nl/products/chiapudding,https://cdn.shopify.com/s/files/1/0254/4667/8590/files/Website_Chiapudding_MangoPassievrucht_CP_Still_v1.jpg?v=1768463090&width=750,4.3 (412 reviews)
15502746288511,Endurance Bar,€15,Upfront,endurance-bar-1,https://upfront.nl/products/endurance-bar-1,https://cdn.shopify.com/s/files/1/0254/4667/8590/files/Website_EnduranceBar_Cranberry_CP_Still_v1.jpg?v=1765811671&width=750,4.9 (14 reviews)
15551534662015,Oats,€13,Upfront,oats2-0,https://upfront.nl/products/oats2-0,https://cdn.shopify.com/s/files/1/0254/4667/8590/files/IMG_4247.jpg?v=1771249723&width=750,4.1 (42 reviews)
15510012625279,Vegan Eiwit,€17,Upfront,vegan,https://upfront.nl/products/vegan,https://cdn.shopify.com/s/files/1/0254/4667/8590/files/Website_EiwitShake_Vanille_CP_Still_v1_00000_1.jpg?v=1772462504&width=750,3.1 (9 reviews)
15382721593727,Mini Clear Whey Bundel,€35,Upfront,clear-whey-bundel-krachtsportsale,https://upfront.nl/products/clear-whey-bundel-krachtsportsale,https://cdn.shopify.com/s/files/1/0254/4667/8590/files/Website_BundleFebruary_1_CP_Still_v1.jpg?v=1771936988&width=750,0 reviews
8864189448541,Eiwitcrisp,€20,Upfront,crispy-bar,https://upfront.nl/products/crispy-bar,https://cdn.shopify.com/s/files/1/0254/4667/8590/files/Website_Eiwitcrisp_VanilleKaneel_CP_Still_v1.jpg?v=1765209875&width=750,4.7 (2367 reviews)
15246258078079,Choco Eiwitreep,€20,Upfront,choco-eiwitreep,https://upfront.nl/products/choco-eiwitreep,https://cdn.shopify.com/s/files/1/0254/4667/8590/files/Website_ChocoEiwitreep_Pindakaas_CP_Still_v1.jpg?v=1765195641&width=750,4.8 (368 reviews)
6575748087870,Eiwitreep,€20,UpfrontFood,eiwitreep,https://upfront.nl/products/eiwitreep,https://cdn.shopify.com/s/files/1/0254/4667/8590/files/Website_Eiwitreep_VanilleCashew_CP_Still_v1.jpg?v=1765191106&width=750,4.5 (4449 reviews)
15418148684159,Clear Whey Limonade Stevia,€34,Upfront,clear-whey-limonade-clean-limoen-munt,https://upfront.nl/products/clear-whey-limonade-clean-limoen-munt,https://cdn.shopify.com/s/files/1/0254/4667/8590/files/IMG_5154.jpg?v=1773151151&width=750,0 reviews
15208066810239,Eiwit IJskoffie 2.0,€29,Upfront,eiwit-ijskoffie-2-0,https://upfront.nl/products/eiwit-ijskoffie-2-0,https://cdn.shopify.com/s/files/1/0254/4667/8590/files/Website_EiwitIjskoffie_Espresso_CP_Still_v1.jpg?v=1765203649&width=750,4.5 (111 reviews)
14911023874431,Eiwit Matcha,€37,Upfront,eiwit-matcha,https://upfront.nl/products/eiwit-matcha,https://cdn.shopify.com/s/files/1/0254/4667/8590/files/Website_EiwitMatcha_Aardbei_CP_Still_v1.jpg?v=1765203779&width=750,4.6 (3190 reviews)
15227133559167,Overnight Oats,€15,Upfront,overnight-oats-nieuw,https://upfront.nl/products/overnight-oats-nieuw,https://cdn.shopify.com/s/files/1/0254/4667/8590/files/Website_OvernightOats_MangoKokos_CP_Still_v1.jpg?v=1765206852&width=750,4.6 (444 reviews)
8960278692189,Collageen,€35,Upfront,collageen,https://upfront.nl/products/collageen,https://cdn.shopify.com/s/files/1/0254/4667/8590/files/Website_Collageen_AardbeiCitroen_CP_Still_v1.jpg?v=1765202658&width=750,4.7 (674 reviews)
14873686999423,Rijstpudding,€12,Upfront,rijstpudding,https://upfront.nl/products/rijstpudding,https://cdn.shopify.com/s/files/1/0254/4667/8590/files/Website_Rijstpudding_Puur_CP_Still_v1.jpg?v=1765200746&width=750,4.4 (350 reviews)
15245084131711,Whey Isolaat,€32,Upfront,whey-isolaat,https://upfront.nl/products/whey-isolaat,https://cdn.shopify.com/s/files/1/0254/4667/8590/files/Website_WheyIsolaat_Vanille_CP_Still_v1.jpg?v=1765208012&width=750,4.6 (174 reviews)
15012389683583,BIO Alpenwhey,"€22,40",Upfront,alpen-whey,https://upfront.nl/products/alpen-whey,https://cdn.shopify.com/s/files/1/0254/4667/8590/files/Website_BioAlpenwhey_Banaan_CP_Still_v1.jpg?v=1765202513&width=750,4.6 (79 reviews)
8420151558493,Clear Whey Limonade,€34,Upfront,clear-whey,https://upfront.nl/products/clear-whey,https://cdn.shopify.com/s/files/1/0254/4667/8590/files/Website_ClearWhey_ZwarteBes_CP_Still_v1.jpg?v=1765198041&width=750,4.7 (9159 reviews)
8452151214429,Eiwit IJskoffie,€32,Upfront,eiwit-ijskoffie,https://upfront.nl/products/eiwit-ijskoffie,https://cdn.shopify.com/s/files/1/0254/4667/8590/files/Website_EiwitIjskoffie_Cappuccino_CP_Still_v1.jpg?v=1765203487&width=750,4.6 (4279 reviews)
15484948939135,Eiwit Oats Buitenbeentje,€13,Upfront,oats-eiwit,https://upfront.nl/products/oats-eiwit,https://cdn.shopify.com/s/files/1/0254/4667/8590/files/Website_Oats_AppelKaneel_CP_Still_v2.jpg?v=1769765516&width=750,3.7 (37 reviews)
15124820558207,Eiwit Rijstpudding,€16,Upfront,eiwit-rijstpudding,https://upfront.nl/products/eiwit-rijstpudding,https://cdn.shopify.com/s/files/1/0254/4667/8590/files/Website_Rijstpudding_Banaan_CP_Still_v1.jpg?v=1765200725&width=750,4.2 (407 reviews)
15006660755839,Eiwit Kokoswater,€34,Upfront,eiwit-kokoswater,https://upfront.nl/products/eiwit-kokoswater,https://cdn.shopify.com/s/files/1/0254/4667/8590/files/Website_EiwitKokoswater_CP_Still_v1.jpg?v=1765202860&width=750,4.5 (686 reviews)
15381039120767,Pump 3.0,€22,Upfront,pump-3-0,https://upfront.nl/products/pump-3-0,https://cdn.shopify.com/s/files/1/0254/4667/8590/files/IMG_9275.jpg?v=1767002367&width=750,4.7 (83 reviews)
15124756169087,Pre PRO 3.0,€29,Upfront,pre-pro-3-0,https://upfront.nl/products/pre-pro-3-0,https://cdn.shopify.com/s/files/1/0254/4667/8590/files/Website_PrePro3.0_Citrus_CP_Still_v1.jpg?v=1765200009&width=750,4.7 (1640 reviews)
15289200148863,Gel 2.0,€23,Upfront,gel-2-0,https://upfront.nl/products/gel-2-0,https://cdn.shopify.com/s/files/1/0254/4667/8590/files/Website_Gel2.0_Appel_CP_Still_v1.jpg?v=1765206167&width=750,4.4 (132 reviews)
9017941360989,Electrolytes,€8,Upfront,hydro-sticks,https://upfront.nl/products/hydro-sticks,https://cdn.shopify.com/s/files/1/0254/4667/8590/files/Website_Electrolytes_Sinaasappel_CP_Still_v1.jpg?v=1765204085&width=750,4.7 (1349 reviews)
14944627163519,Pre Run,€8,Upfront,pre-run,https://upfront.nl/products/pre-run,https://cdn.shopify.com/s/files/1/0254/4667/8590/files/Website_PreRun_Aardbei_CP_Still_v1.jpg?v=1765208583&width=750,4.6 (255 reviews)
8600642388317,Crea PRO,€24,Upfront,creatine-pure,https://upfront.nl/products/creatine-pure,https://cdn.shopify.com/s/files/1/0254/4667/8590/files/Website_CreaPro_CP_Still_v1.jpg?v=1765199065&width=750,4.8 (492 reviews)
14942502683007,Daily,€19,Upfront,daily-1,https://upfront.nl/products/daily-1,https://cdn.shopify.com/s/files/1/0254/4667/8590/files/Website_Daily_LimeonMunt_CP_Still_v1.jpg?v=1765202749&width=750,4.5 (522 reviews)
15416924373375,Algen Multivitamine,€15,Upfront,algen-multivitamine,https://upfront.nl/products/algen-multivitamine,https://cdn.shopify.com/s/files/1/0254/4667/8590/files/Website_Vitamins_AlgenMulti_CP_Still_v1.1.jpg?v=1770967407&width=750,4.5 (2 reviews)
14723379003741,L-Glutamine,€15,Upfront,l-glutamine,https://upfront.nl/products/l-glutamine,https://cdn.shopify.com/s/files/1/0254/4667/8590/files/Website_L-Glutamine_CP_Still_v1.jpg?v=1765202979&width=750,4.7 (184 reviews)
8671786500445,CreaTabs,€6,Upfront,creatabs,https://upfront.nl/products/creatabs,https://cdn.shopify.com/s/files/1/0254/4667/8590/files/Website_CreaTabsPack_Pepermunt_CP_Still_v1_eaf2b879-df86-431a-9d6f-1763db36c893.jpg?v=1765460256&width=750,4.7 (481 reviews)
7117119782974,ISO Drink,€11,Upfront,sportdrank,https://upfront.nl/products/sportdrank,https://cdn.shopify.com/s/files/1/0254/4667/8590/files/Website_IsoDrink_Citroen_CP_Still_v1.jpg?v=1765199890&width=750,4.7 (515 reviews)
15416922276223,Zink,€14,Upfront,zink-frosted-60-tabletten,https://upfront.nl/products/zink-frosted-60-tabletten,https://cdn.shopify.com/s/files/1/0254/4667/8590/files/Website_Vitamins_Zink_CP_Still_v2.jpg?v=1769502218&width=750,0 reviews
15416919622015,Omega 3,€19,Upfront,omega-3-frosted-30-tabletten,https://upfront.nl/products/omega-3-frosted-30-tabletten,https://cdn.shopify.com/s/files/1/0254/4667/8590/files/Website_Vitamins_Omega3_CP_Still_v2.jpg?v=1769505108&width=750,0 reviews
15416920080767,Vitamine D3,€14,Upfront,vitamine-d3-frosted-60-tabletten,https://upfront.nl/products/vitamine-d3-frosted-60-tabletten,https://cdn.shopify.com/s/files/1/0254/4667/8590/files/Website_Vitamins_D3_CP_Still_v2.jpg?v=1769505269&width=750,4 (3 reviews)
14954285203839,Eiwit Milkshake,€16,Upfront,whey-milkshake-ready-to-drink,https://upfront.nl/products/whey-milkshake-ready-to-drink,https://cdn.shopify.com/s/files/1/0254/4667/8590/files/Website_EiwitMilkshakeR2D_Mango_CP_Still_v1.jpg?v=1765204562&width=750,4.6 (775 reviews)
15106194243967,Limonadesiroop,€2,Upfront,limonadesiroop,https://upfront.nl/products/limonadesiroop,https://cdn.shopify.com/s/files/1/0254/4667/8590/files/Website_Limeonadesiroop_Hibiscus_CP_Still_v1.jpg?v=1765207508&width=750,4.4 (159 reviews)
15021252346239,IJsthee,€6,Upfront,ijsthee-ready-to-drink,https://upfront.nl/products/ijsthee-ready-to-drink,https://cdn.shopify.com/s/files/1/0254/4667/8590/files/Website_IjstheeR2D_GemberMunt_CP_Still_v1.jpg?v=1765206437&width=750,4.5 (69 reviews)
14873674219903,Eiwit Limonade,€16,Upfront,ready-to-drink-limonade,https://upfront.nl/products/ready-to-drink-limonade,https://cdn.shopify.com/s/files/1/0254/4667/8590/files/Website_EiwitLimonadeR2D_Granaatappel_CP_Still_v1.jpg?v=1765207059&width=750,4.6 (442 reviews)
7133731356734,Gel 1.0,"€18,40",Upfront,gel,https://upfront.nl/products/gel,https://cdn.shopify.com/s/files/1/0254/4667/8590/files/Website_Gel1.0_Cassis_CP_Still_v1.jpg?v=1765204992&width=750,4.8 (1467 reviews)
8509220946269,"Shaker [Strada™, Thermo]",€39,Upfront,thermoshaker-1,https://upfront.nl/products/thermoshaker-1,https://cdn.shopify.com/s/files/1/0254/4667/8590/files/Website_Shaker_Thermo_CP_Still_v1.jpg?v=1765208719&width=750,4.8 (629 reviews)
15165755031935,Shaker 2.0,€10,Upfront,nieuwe-shaker,https://upfront.nl/products/nieuwe-shaker,https://cdn.shopify.com/s/files/1/0254/4667/8590/files/Website_Shaker2.0_CP_Still_v1.jpg?v=1765208741&width=750,4.5 (465 reviews)
15008776749439,Bidon,"€7,50",Upfront,sport-bottle,https://upfront.nl/products/sport-bottle,https://cdn.shopify.com/s/files/1/0254/4667/8590/files/Website_Bottle_CP_Still_v1.jpg?v=1767339182&width=750,4.3 (57 reviews)
14723357540701,Hazelnootpasta,€5,Upfront,hazelnootpasta,https://upfront.nl/products/hazelnootpasta,https://cdn.shopify.com/s/files/1/0254/4667/8590/files/Website_Hazelnootpasta_CP_Still_v1.jpg?v=1769447224&width=750,4.6 (356 reviews)
15175115211135,Hagel,"€3,50",Upfront,hagel,https://upfront.nl/products/hagel,https://cdn.shopify.com/s/files/1/0254/4667/8590/files/Website_Hagel_CP_Still_v10.jpg?v=1765548209&width=750,4.8 (149 reviews)
8815007596893,Pindakaas,€6,Upfront,pindakaas,https://upfront.nl/products/pindakaas,https://cdn.shopify.com/s/files/1/0254/4667/8590/files/Website_Pindakaas_CP_Still_v1.jpg?v=1765208516&width=750,4.9 (438 reviews)
14914865922431,Flavor Powder,€15,Upfront,flavor-powder,https://upfront.nl/products/flavor-powder,https://cdn.shopify.com/s/files/1/0254/4667/8590/files/Website_FlavorPowder_Vanille_CP_Still_v1.jpg?v=1765199239&width=750,4.6 (1098 reviews)
15469859930495,Clear Whey Limonade 300g,"€14,40",Upfront,clear-whey-limonade,https://upfront.nl/products/clear-whey-limonade,https://cdn.shopify.com/s/files/1/0254/4667/8590/files/Website_ClearWhey_300g_LimeonMunt_CP_Still_v1_0000.jpg?v=1766164663&width=750,4.6 (51 reviews)
15479768187263,Eiwit Kokoswater 300g,"€15,20",Upfront,eiwit-kokoswater-300g,https://upfront.nl/products/eiwit-kokoswater-300g,https://cdn.shopify.com/s/files/1/0254/4667/8590/files/IMG_9538.jpg?v=1767537723&width=750,4.5 (15 reviews)
15103630672255,Soda,€3,Upfront,soda,https://upfront.nl/products/soda,https://cdn.shopify.com/s/files/1/0254/4667/8590/files/Website_Soda_ColaKers_CP_Still_v1.jpg?v=1765208859&width=750,4.6 (165 reviews)
15469854261631,Eiwit Oats 300g,€3,Upfront,eiwit-oats,https://upfront.nl/products/eiwit-oats,https://cdn.shopify.com/s/files/1/0254/4667/8590/files/Website_EiwitOats300g_Speculaas_CP_Still_v1.jpg?v=1767397106&width=750,4.6 (168 reviews)
14861976142207,Ceremoniële Matcha,€39,Upfront,matcha,https://upfront.nl/products/matcha,https://cdn.shopify.com/s/files/1/0254/4667/8590/files/Website_MatchaJar_CP_Still_test01.jpg?v=1764596661&width=750,4.8 (586 reviews)
15411101499775,Koffie Cups,"€7,50",Upfront,koffie-cups-lungo,https://upfront.nl/products/koffie-cups-lungo,https://cdn.shopify.com/s/files/1/0254/4667/8590/files/Website_KoffieCups_CP_Still_v1.jpg?v=1765548444&width=750,4.8 (20 reviews)
15411102515583,Koffiebonen,"€9,50",Upfront,koffiebonen,https://upfront.nl/products/koffiebonen,https://cdn.shopify.com/s/files/1/0254/4667/8590/files/Website_KoffieBonen_CP_Still_v1.jpg?v=1765548381&width=750,4.8 (42 reviews)
15124852769151,Granola Repen,€2,Upfront,granola-repen,https://upfront.nl/products/granola-repen,https://cdn.shopify.com/s/files/1/0254/4667/8590/files/Website_GranolaReep_Honing_CP_Still_v1.jpg?v=1765192460&width=750,4.2 (212 reviews)
15237584290175,Eiwit Limonade Mixdoos,€12,Upfront,eiwit-limonade-mixdoos,https://upfront.nl/products/eiwit-limonade-mixdoos,https://cdn.shopify.com/s/files/1/0254/4667/8590/files/Website_EiwitLimonade_Mixdoos_CP_Still_v1.jpg?v=1765198655&width=750,4.8 (283 reviews)
15416920572287,IJzer,€14,Upfront,ijzer-frosted-60-tabletten,https://upfront.nl/products/ijzer-frosted-60-tabletten,https://cdn.shopify.com/s/files/1/0254/4667/8590/files/Website_Vitamins_Ijzer_CP_Still_v1.jpg?v=1769501572&width=750,5 (1 reviews)
9839027945821,Rauwe Honing,"€6,90",Upfront,honing,https://upfront.nl/products/honing,https://cdn.shopify.com/s/files/1/0254/4667/8590/files/Website_Honing_CP_Still_v1.jpg?v=1765207254&width=750,4.9 (597 reviews)
15327629246847,Pre Endurance,€28,Upfront,pre-endurance,https://upfront.nl/products/pre-endurance,https://cdn.shopify.com/s/files/1/0254/4667/8590/files/Website_PreEndurance_ZwarteBes_CP_Still_v1.jpg?v=1771855730&width=750,0 reviews
15327613813119,Intra Endurance,€14,Upfront,intra-endurance,https://upfront.nl/products/intra-endurance,https://cdn.shopify.com/s/files/1/0254/4667/8590/files/Website_IntraEndurance_Sinaasappel_CP_Still_v1.jpg?v=1770620240&width=750,0 reviews
15411646398847,Olijfolie,€10,Upfront,supermarkt-olijfolie,https://upfront.nl/products/supermarkt-olijfolie,https://cdn.shopify.com/s/files/1/0254/4667/8590/files/Website_Olijfolie_CP_Still_v1.jpg?v=1767601157&width=750,4.7 (14 reviews)
15462299697535,Gel Natural,€25,Upfront,gel-natural,https://upfront.nl/products/gel-natural,https://cdn.shopify.com/s/files/1/0254/4667/8590/files/Website_GelNatural_MapleSyrup_CP_Still_v1.jpg?v=1770620240&width=750,0 reviews
15462300320127,Gel PRO,€25,Upfront,gel-pro,https://upfront.nl/products/gel-pro,https://cdn.shopify.com/s/files/1/0254/4667/8590/files/Website_GelPro_Citrus_CP_Still_v1.jpg?v=1770620239&width=750,5 (2 reviews)
15416956256639,Magnesium,€14,Upfront,magnesium-b6,https://upfront.nl/products/magnesium-b6,https://cdn.shopify.com/s/files/1/0254/4667/8590/files/Website_Vitamins_Magnesium_CP_Still_v2_e9da89b1-7825-4037-801a-6096bb0d9fd8.jpg?v=1772793777&width=750,4.8 (39 reviews)
15411101860223,Gemalen Koffie,"€9,50",Upfront,gemalen-koffie,https://upfront.nl/products/gemalen-koffie,https://cdn.shopify.com/s/files/1/0254/4667/8590/files/Website_KoffieGemalen_CP_Still_v1.jpg?v=1765548499&width=750,5 (4 reviews)
15576210538879,Bestseller Bundel,€60,Upfront,bestseller-bundell,https://upfront.nl/products/bestseller-bundell,https://cdn.shopify.com/s/files/1/0254/4667/8590/files/Website_BundleFebruary_2_CP_Still_v4.jpg?v=1772643978&width=750,0 reviews
